{
    "rmse": 0.7425211252855073,
    "mae": 0.5815790998173175,
    "r2": 0.2112409853517917
}