{
    "rmse": 0.6894935344420086,
    "mae": 0.5595055763293962,
    "r2": 0.23898496817467252
}